name,test_sharpe,test_trades,test_net_return,test_max_drawdown,test_win_rate,gate
"ETH-best (vwap=60,z=360,zthr=2.5,rsi=35/65,vol=1.0,atr=0.8,hold=20)",-24.473641944285387,7,-0.014995309547635283,-0.014995309547635283,0.0,no_go
"ETH-var2 (vwap=90,z=240,zthr=2.0,rsi=35/70,vol=1.0,atr=0.8,hold=20)",-28.785937186786338,15,-0.022240417436664606,-0.022240417436664606,0.13333333333333333,no_go
"Original-ETH (vwap=120,z=240,zthr=2.0,rsi=35/70,vol=1.2,atr=0.8,hold=10)",-33.37827066821473,15,-0.02524078987968159,-0.02524078987968159,0.06666666666666667,no_go
"BTC-tweaked (vwap=60,z=240,zthr=1.5,rsi=30/60,vol=1.0,atr=0.8,hold=20)",-35.50947708017259,24,-0.03241156668189038,-0.03241156668189038,0.125,no_go
"BTC-hold20 (vwap=90,z=300,zthr=1.8,rsi=30/65,vol=1.0,atr=0.8,hold=20)",-21.886379768823517,13,-0.01510627778637863,-0.01510627778637863,0.23076923076923078,no_go
"BTC-neut (vwap=60,z=360,zthr=2.0,rsi=35/70,vol=1.0,atr=0.8,hold=20,gate=neutral)",-6.139509381967066,2,-0.0009734364092915948,-0.0014107723220403434,0.5,no_go
"BTC-contra (vwap=60,z=360,zthr=2.0,rsi=35/70,vol=1.0,atr=0.8,hold=20,gate=contra)",-1.6716406645863124,4,-0.000511898685229939,-0.0014611486347770875,0.5,no_go
